billing_id,appointment_id,amount,paid_amount,payment_status,outstanding_balance
1,1,509,47,Partial,462
2,2,757,757,Paid,0
3,3,76,76,Paid,0
4,4,474,0,Unpaid,474
5,5,515,515,Paid,0
6,6,974,974,Paid,0
7,7,773,773,Paid,0
8,8,124,124,Paid,0
9,9,939,0,Unpaid,939
10,10,983,983,Paid,0
11,11,832,832,Paid,0
12,12,452,452,Paid,0
13,13,889,245,Partial,644
14,14,983,983,Paid,0
15,15,470,470,Paid,0
16,16,182,182,Paid,0
17,17,716,716,Paid,0
18,18,570,570,Paid,0
19,19,294,294,Paid,0
20,20,985,0,Unpaid,985
21,21,361,361,Paid,0
22,22,952,952,Paid,0
23,23,474,0,Unpaid,474
24,24,244,0,Unpaid,244
25,25,277,207,Partial,70
26,26,333,333,Paid,0
27,27,653,0,Unpaid,653
28,28,630,630,Paid,0
29,29,186,186,Paid,0
30,30,829,829,Paid,0
31,31,854,854,Paid,0
32,32,770,770,Paid,0
33,33,571,571,Paid,0
34,34,105,105,Paid,0
35,35,470,272,Partial,198
36,36,302,302,Paid,0
37,37,810,0,Unpaid,810
38,38,782,782,Paid,0
39,39,233,76,Partial,157
40,40,819,47,Partial,772
41,41,845,845,Paid,0
42,42,826,826,Paid,0
43,43,779,779,Paid,0
44,44,646,646,Paid,0
45,45,817,817,Paid,0
46,46,930,0,Unpaid,930
47,47,451,451,Paid,0
48,48,609,44,Partial,565
49,49,607,607,Paid,0
50,50,904,250,Partial,654
51,51,429,242,Partial,187
52,52,756,756,Paid,0
53,53,116,116,Paid,0
54,54,882,882,Paid,0
55,55,62,62,Paid,0
56,56,320,320,Paid,0
57,57,572,572,Paid,0
58,58,707,707,Paid,0
59,59,816,816,Paid,0
60,60,56,56,Paid,0
61,61,848,848,Paid,0
62,62,101,101,Paid,0
63,63,590,590,Paid,0
64,64,982,982,Paid,0
65,65,783,783,Paid,0
66,66,711,711,Paid,0
67,67,309,309,Paid,0
68,68,245,245,Paid,0
69,69,806,806,Paid,0
70,70,378,378,Paid,0
71,71,856,0,Unpaid,856
72,72,911,80,Partial,831
73,73,805,805,Paid,0
74,74,196,196,Paid,0
75,75,942,942,Paid,0
76,76,242,242,Paid,0
77,77,902,902,Paid,0
78,78,356,356,Paid,0
79,79,349,349,Paid,0
80,80,491,491,Paid,0
81,81,807,807,Paid,0
82,82,140,140,Paid,0
83,83,518,518,Paid,0
84,84,945,0,Unpaid,945
85,85,954,954,Paid,0
86,86,668,668,Paid,0
87,87,109,22,Partial,87
88,88,439,282,Partial,157
89,89,612,612,Paid,0
90,90,130,63,Partial,67
91,91,241,241,Paid,0
92,92,547,547,Paid,0
93,93,278,278,Paid,0
94,94,275,275,Paid,0
95,95,176,176,Paid,0
96,96,527,527,Paid,0
97,97,206,206,Paid,0
98,98,515,515,Paid,0
99,99,301,301,Paid,0
100,100,343,277,Partial,66
101,101,696,696,Paid,0
102,102,969,969,Paid,0
103,103,273,23,Partial,250
104,104,573,573,Paid,0
105,105,136,136,Paid,0
106,106,506,506,Paid,0
107,107,219,80,Partial,139
108,108,491,491,Paid,0
109,109,290,0,Unpaid,290
110,110,384,384,Paid,0
111,111,450,0,Unpaid,450
112,112,936,0,Unpaid,936
113,113,592,592,Paid,0
114,114,231,18,Partial,213
115,115,757,757,Paid,0
116,116,741,741,Paid,0
117,117,796,796,Paid,0
118,118,368,19,Partial,349
119,119,870,870,Paid,0
120,120,735,735,Paid,0
121,121,693,693,Paid,0
122,122,650,650,Paid,0
123,123,730,730,Paid,0
124,124,901,901,Paid,0
125,125,903,903,Paid,0
126,126,820,820,Paid,0
127,127,573,573,Paid,0
128,128,258,258,Paid,0
129,129,389,0,Unpaid,389
130,130,70,70,Paid,0
131,131,674,674,Paid,0
132,132,156,156,Paid,0
133,133,311,311,Paid,0
134,134,684,684,Paid,0
135,135,504,504,Paid,0
136,136,429,429,Paid,0
137,137,304,304,Paid,0
138,138,206,206,Paid,0
139,139,584,584,Paid,0
140,140,922,922,Paid,0
141,141,465,465,Paid,0
142,142,948,948,Paid,0
143,143,417,417,Paid,0
144,144,538,335,Partial,203
145,145,303,303,Paid,0
146,146,562,143,Partial,419
147,147,293,293,Paid,0
148,148,86,86,Paid,0
149,149,226,47,Partial,179
150,150,309,309,Paid,0
151,151,501,0,Unpaid,501
152,152,107,107,Paid,0
153,153,245,245,Paid,0
154,154,809,809,Paid,0
155,155,507,507,Paid,0
156,156,479,219,Partial,260
157,157,237,237,Paid,0
158,158,412,167,Partial,245
159,159,775,775,Paid,0
160,160,253,21,Partial,232
161,161,779,779,Paid,0
162,162,313,313,Paid,0
163,163,493,163,Partial,330
164,164,552,339,Partial,213
165,165,771,771,Paid,0
166,166,449,449,Paid,0
167,167,610,610,Paid,0
168,168,438,438,Paid,0
169,169,93,0,Unpaid,93
170,170,967,967,Paid,0
171,171,417,417,Paid,0
172,172,576,576,Paid,0
173,173,990,990,Paid,0
174,174,746,746,Paid,0
175,175,975,975,Paid,0
176,176,795,795,Paid,0
177,177,102,102,Paid,0
178,178,556,556,Paid,0
179,179,397,397,Paid,0
180,180,924,924,Paid,0
181,181,913,913,Paid,0
182,182,672,0,Unpaid,672
183,183,772,772,Paid,0
184,184,273,273,Paid,0
185,185,828,828,Paid,0
186,186,371,371,Paid,0
187,187,643,643,Paid,0
188,188,280,280,Paid,0
189,189,981,0,Unpaid,981
190,190,746,746,Paid,0
191,191,542,542,Paid,0
192,192,596,596,Paid,0
193,193,772,311,Partial,461
194,194,442,442,Paid,0
195,195,327,0,Unpaid,327
196,196,757,757,Paid,0
197,197,889,889,Paid,0
198,198,201,201,Paid,0
199,199,192,192,Paid,0
200,200,605,457,Partial,148
201,201,188,188,Paid,0
202,202,875,875,Paid,0
203,203,699,699,Paid,0
204,204,312,0,Unpaid,312
205,205,486,486,Paid,0
206,206,556,556,Paid,0
207,207,563,563,Paid,0
208,208,767,0,Unpaid,767
209,209,823,823,Paid,0
210,210,325,325,Paid,0
211,211,628,628,Paid,0
212,212,298,298,Paid,0
213,213,348,0,Unpaid,348
214,214,994,861,Partial,133
215,215,377,377,Paid,0
216,216,140,140,Paid,0
217,217,306,211,Partial,95
218,218,135,135,Paid,0
219,219,59,59,Paid,0
220,220,513,513,Paid,0
221,221,530,530,Paid,0
222,222,67,67,Paid,0
223,223,701,701,Paid,0
224,224,930,930,Paid,0
225,225,976,0,Unpaid,976
226,226,116,116,Paid,0
227,227,981,981,Paid,0
228,228,520,520,Paid,0
229,229,455,46,Partial,409
230,230,127,127,Paid,0
231,231,698,698,Paid,0
232,232,840,840,Paid,0
233,233,959,959,Paid,0
234,234,157,157,Paid,0
235,235,146,146,Paid,0
236,236,740,174,Partial,566
237,237,336,336,Paid,0
238,238,127,127,Paid,0
239,239,257,257,Paid,0
240,240,809,809,Paid,0
241,241,296,296,Paid,0
242,242,999,999,Paid,0
243,243,734,734,Paid,0
244,244,420,420,Paid,0
245,245,387,387,Paid,0
246,246,240,240,Paid,0
247,247,885,0,Unpaid,885
248,248,847,0,Unpaid,847
249,249,704,704,Paid,0
250,250,324,324,Paid,0
251,251,669,669,Paid,0
252,252,344,344,Paid,0
253,253,991,991,Paid,0
254,254,848,848,Paid,0
255,255,705,705,Paid,0
256,256,215,215,Paid,0
257,257,366,366,Paid,0
258,258,456,456,Paid,0
259,259,891,891,Paid,0
260,260,454,454,Paid,0
261,261,832,832,Paid,0
262,262,478,478,Paid,0
263,263,680,680,Paid,0
264,264,861,861,Paid,0
265,265,753,753,Paid,0
266,266,531,531,Paid,0
267,267,945,945,Paid,0
268,268,72,0,Unpaid,72
269,269,231,231,Paid,0
270,270,648,0,Unpaid,648
271,271,335,0,Unpaid,335
272,272,223,223,Paid,0
273,273,386,386,Paid,0
274,274,540,540,Paid,0
275,275,900,521,Partial,379
276,276,828,828,Paid,0
277,277,927,927,Paid,0
278,278,59,59,Paid,0
279,279,338,338,Paid,0
280,280,190,190,Paid,0
281,281,613,613,Paid,0
282,282,468,290,Partial,178
283,283,623,285,Partial,338
284,284,441,0,Unpaid,441
285,285,61,61,Paid,0
286,286,453,453,Paid,0
287,287,358,0,Unpaid,358
288,288,240,70,Partial,170
289,289,942,942,Paid,0
290,290,114,114,Paid,0
291,291,565,0,Unpaid,565
292,292,406,283,Partial,123
293,293,628,628,Paid,0
294,294,167,64,Partial,103
295,295,538,538,Paid,0
296,296,727,727,Paid,0
297,297,531,531,Paid,0
298,298,223,223,Paid,0
299,299,792,792,Paid,0
300,300,518,518,Paid,0
301,301,884,884,Paid,0
302,302,277,277,Paid,0
303,303,261,261,Paid,0
304,304,960,960,Paid,0
305,305,672,672,Paid,0
306,306,921,0,Unpaid,921
307,307,999,999,Paid,0
308,308,935,935,Paid,0
309,309,304,304,Paid,0
310,310,250,250,Paid,0
311,311,78,78,Paid,0
312,312,477,477,Paid,0
313,313,861,861,Paid,0
314,314,460,460,Paid,0
315,315,237,237,Paid,0
316,316,505,505,Paid,0
317,317,862,0,Unpaid,862
318,318,817,817,Paid,0
319,319,333,333,Paid,0
320,320,123,123,Paid,0
321,321,986,986,Paid,0
322,322,236,7,Partial,229
323,323,744,497,Partial,247
324,324,766,766,Paid,0
325,325,890,494,Partial,396
326,326,792,792,Paid,0
327,327,438,438,Paid,0
328,328,952,952,Paid,0
329,329,909,909,Paid,0
330,330,312,247,Partial,65
331,331,996,996,Paid,0
332,332,457,457,Paid,0
333,333,102,102,Paid,0
334,334,198,198,Paid,0
335,335,751,751,Paid,0
336,336,995,995,Paid,0
337,337,98,98,Paid,0
338,338,655,655,Paid,0
339,339,846,846,Paid,0
340,340,117,117,Paid,0
341,341,441,441,Paid,0
342,342,171,171,Paid,0
343,343,909,0,Unpaid,909
344,344,329,329,Paid,0
345,345,498,498,Paid,0
346,346,796,410,Partial,386
347,347,844,844,Paid,0
348,348,462,462,Paid,0
349,349,841,841,Paid,0
350,350,766,0,Unpaid,766
351,351,607,0,Unpaid,607
352,352,766,528,Partial,238
353,353,199,199,Paid,0
354,354,499,55,Partial,444
355,355,353,0,Unpaid,353
356,356,486,486,Paid,0
357,357,483,0,Unpaid,483
358,358,488,488,Paid,0
359,359,567,567,Paid,0
360,360,599,183,Partial,416
361,361,960,0,Unpaid,960
362,362,354,354,Paid,0
363,363,66,9,Partial,57
364,364,248,248,Paid,0
365,365,817,817,Paid,0
366,366,62,62,Paid,0
367,367,535,535,Paid,0
368,368,890,890,Paid,0
369,369,500,500,Paid,0
370,370,310,310,Paid,0
371,371,523,523,Paid,0
372,372,154,44,Partial,110
373,373,119,119,Paid,0
374,374,889,0,Unpaid,889
375,375,266,113,Partial,153
376,376,917,917,Paid,0
377,377,356,356,Paid,0
378,378,351,351,Paid,0
379,379,915,915,Paid,0
380,380,483,483,Paid,0
381,381,678,678,Paid,0
382,382,679,364,Partial,315
383,383,527,527,Paid,0
384,384,821,0,Unpaid,821
385,385,636,636,Paid,0
386,386,922,922,Paid,0
387,387,516,516,Paid,0
388,388,689,189,Partial,500
389,389,223,52,Partial,171
390,390,423,423,Paid,0
391,391,674,674,Paid,0
392,392,870,870,Paid,0
393,393,841,841,Paid,0
394,394,687,687,Paid,0
395,395,649,649,Paid,0
396,396,826,826,Paid,0
397,397,284,284,Paid,0
398,398,156,156,Paid,0
399,399,342,342,Paid,0
400,400,191,0,Unpaid,191
401,401,129,129,Paid,0
402,402,377,377,Paid,0
403,403,365,365,Paid,0
404,404,369,369,Paid,0
405,405,593,593,Paid,0
406,406,247,0,Unpaid,247
407,407,433,433,Paid,0
408,408,660,660,Paid,0
409,409,501,501,Paid,0
410,410,761,761,Paid,0
411,411,857,0,Unpaid,857
412,412,315,315,Paid,0
413,413,869,869,Paid,0
414,414,352,352,Paid,0
415,415,607,607,Paid,0
416,416,71,71,Paid,0
417,417,455,455,Paid,0
418,418,343,343,Paid,0
419,419,490,14,Partial,476
420,420,438,438,Paid,0
421,421,585,585,Paid,0
422,422,790,271,Partial,519
423,423,665,532,Partial,133
424,424,857,0,Unpaid,857
425,425,347,152,Partial,195
426,426,172,172,Paid,0
427,427,185,0,Unpaid,185
428,428,586,586,Paid,0
429,429,144,144,Paid,0
430,430,99,99,Paid,0
431,431,180,0,Unpaid,180
432,432,159,159,Paid,0
433,433,322,322,Paid,0
434,434,411,65,Partial,346
435,435,115,115,Paid,0
436,436,990,990,Paid,0
437,437,354,0,Unpaid,354
438,438,348,348,Paid,0
439,439,104,1,Partial,103
440,440,373,232,Partial,141
441,441,922,922,Paid,0
442,442,684,684,Paid,0
443,443,723,723,Paid,0
444,444,982,0,Unpaid,982
445,445,372,372,Paid,0
446,446,490,490,Paid,0
447,447,321,69,Partial,252
448,448,292,292,Paid,0
449,449,65,65,Paid,0
450,450,321,321,Paid,0
451,451,283,283,Paid,0
452,452,419,419,Paid,0
453,453,725,725,Paid,0
454,454,438,438,Paid,0
455,455,647,647,Paid,0
456,456,710,399,Partial,311
457,457,850,0,Unpaid,850
458,458,210,0,Unpaid,210
459,459,681,681,Paid,0
460,460,246,45,Partial,201
461,461,120,120,Paid,0
462,462,612,612,Paid,0
463,463,612,612,Paid,0
464,464,917,917,Paid,0
465,465,158,158,Paid,0
466,466,715,715,Paid,0
467,467,479,0,Unpaid,479
468,468,609,0,Unpaid,609
469,469,50,50,Paid,0
470,470,57,57,Paid,0
471,471,635,635,Paid,0
472,472,994,994,Paid,0
473,473,728,728,Paid,0
474,474,723,723,Paid,0
475,475,361,361,Paid,0
476,476,909,909,Paid,0
477,477,606,0,Unpaid,606
478,478,281,281,Paid,0
479,479,68,68,Paid,0
480,480,435,349,Partial,86
481,481,88,0,Unpaid,88
482,482,322,322,Paid,0
483,483,526,526,Paid,0
484,484,460,460,Paid,0
485,485,661,0,Unpaid,661
486,486,58,58,Paid,0
487,487,594,594,Paid,0
488,488,630,630,Paid,0
489,489,824,824,Paid,0
490,490,218,218,Paid,0
491,491,838,838,Paid,0
492,492,659,659,Paid,0
493,493,723,723,Paid,0
494,494,866,866,Paid,0
495,495,801,801,Paid,0
496,496,230,230,Paid,0
497,497,477,477,Paid,0
498,498,771,771,Paid,0
499,499,818,818,Paid,0
500,500,865,865,Paid,0
501,501,407,407,Paid,0
502,502,889,889,Paid,0
503,503,938,0,Unpaid,938
504,504,454,454,Paid,0
505,505,929,0,Unpaid,929
506,506,621,0,Unpaid,621
507,507,165,165,Paid,0
508,508,266,266,Paid,0
509,509,654,654,Paid,0
510,510,583,583,Paid,0
511,511,325,325,Paid,0
512,512,273,273,Paid,0
513,513,317,317,Paid,0
514,514,689,689,Paid,0
515,515,203,203,Paid,0
516,516,183,183,Paid,0
517,517,157,157,Paid,0
518,518,202,202,Paid,0
519,519,400,400,Paid,0
520,520,576,0,Unpaid,576
521,521,590,64,Partial,526
522,522,818,818,Paid,0
523,523,750,750,Paid,0
524,524,515,515,Paid,0
525,525,297,297,Paid,0
526,526,343,343,Paid,0
527,527,368,368,Paid,0
528,528,752,752,Paid,0
529,529,501,501,Paid,0
530,530,421,421,Paid,0
531,531,110,110,Paid,0
532,532,376,376,Paid,0
533,533,619,619,Paid,0
534,534,540,540,Paid,0
535,535,185,0,Unpaid,185
536,536,842,842,Paid,0
537,537,546,546,Paid,0
538,538,712,712,Paid,0
539,539,806,806,Paid,0
540,540,483,483,Paid,0
541,541,499,499,Paid,0
542,542,326,326,Paid,0
543,543,167,167,Paid,0
544,544,65,65,Paid,0
545,545,231,231,Paid,0
546,546,356,356,Paid,0
547,547,545,545,Paid,0
548,548,802,802,Paid,0
549,549,104,0,Unpaid,104
550,550,226,226,Paid,0
551,551,1000,1000,Paid,0
552,552,247,142,Partial,105
553,553,53,2,Partial,51
554,554,80,80,Paid,0
555,555,707,707,Paid,0
556,556,558,558,Paid,0
557,557,562,562,Paid,0
558,558,79,79,Paid,0
559,559,291,291,Paid,0
560,560,997,997,Paid,0
561,561,806,239,Partial,567
562,562,749,749,Paid,0
563,563,697,206,Partial,491
564,564,192,192,Paid,0
565,565,65,0,Unpaid,65
566,566,409,409,Paid,0
567,567,741,741,Paid,0
568,568,904,576,Partial,328
569,569,559,404,Partial,155
570,570,907,817,Partial,90
571,571,109,46,Partial,63
572,572,610,610,Paid,0
573,573,934,934,Paid,0
574,574,180,180,Paid,0
575,575,117,117,Paid,0
576,576,258,258,Paid,0
577,577,135,68,Partial,67
578,578,415,415,Paid,0
579,579,769,769,Paid,0
580,580,187,0,Unpaid,187
581,581,612,612,Paid,0
582,582,641,641,Paid,0
583,583,981,981,Paid,0
584,584,478,478,Paid,0
585,585,817,0,Unpaid,817
586,586,301,301,Paid,0
587,587,75,75,Paid,0
588,588,600,600,Paid,0
589,589,803,803,Paid,0
590,590,607,607,Paid,0
591,591,883,883,Paid,0
592,592,570,570,Paid,0
593,593,879,0,Unpaid,879
594,594,310,310,Paid,0
595,595,213,213,Paid,0
596,596,194,0,Unpaid,194
597,597,596,596,Paid,0
598,598,521,0,Unpaid,521
599,599,921,533,Partial,388
600,600,560,560,Paid,0
601,601,113,63,Partial,50
602,602,300,76,Partial,224
603,603,171,171,Paid,0
604,604,181,181,Paid,0
605,605,655,0,Unpaid,655
606,606,231,231,Paid,0
607,607,658,658,Paid,0
608,608,729,729,Paid,0
609,609,323,323,Paid,0
610,610,161,161,Paid,0
611,611,74,74,Paid,0
612,612,949,949,Paid,0
613,613,800,800,Paid,0
614,614,161,161,Paid,0
615,615,998,998,Paid,0
616,616,100,100,Paid,0
617,617,875,875,Paid,0
618,618,776,776,Paid,0
619,619,457,289,Partial,168
620,620,360,360,Paid,0
621,621,379,49,Partial,330
622,622,171,171,Paid,0
623,623,735,735,Paid,0
624,624,319,319,Paid,0
625,625,175,175,Paid,0
626,626,895,895,Paid,0
627,627,561,561,Paid,0
628,628,933,933,Paid,0
629,629,909,0,Unpaid,909
630,630,125,125,Paid,0
631,631,837,837,Paid,0
632,632,705,705,Paid,0
633,633,392,392,Paid,0
634,634,379,379,Paid,0
635,635,296,0,Unpaid,296
636,636,701,701,Paid,0
637,637,646,646,Paid,0
638,638,519,519,Paid,0
639,639,870,870,Paid,0
640,640,726,0,Unpaid,726
641,641,152,152,Paid,0
642,642,675,53,Partial,622
643,643,674,674,Paid,0
644,644,351,351,Paid,0
645,645,760,760,Paid,0
646,646,235,235,Paid,0
647,647,237,237,Paid,0
648,648,781,781,Paid,0
649,649,237,237,Paid,0
650,650,438,438,Paid,0
651,651,304,0,Unpaid,304
652,652,249,249,Paid,0
653,653,135,135,Paid,0
654,654,737,737,Paid,0
655,655,392,392,Paid,0
656,656,443,443,Paid,0
657,657,713,713,Paid,0
658,658,304,304,Paid,0
659,659,843,843,Paid,0
660,660,298,0,Unpaid,298
661,661,745,745,Paid,0
662,662,807,0,Unpaid,807
663,663,706,706,Paid,0
664,664,91,91,Paid,0
665,665,628,628,Paid,0
666,666,226,226,Paid,0
667,667,656,656,Paid,0
668,668,916,916,Paid,0
669,669,781,781,Paid,0
670,670,138,138,Paid,0
671,671,697,697,Paid,0
672,672,254,254,Paid,0
673,673,935,814,Partial,121
674,674,642,642,Paid,0
675,675,291,291,Paid,0
676,676,930,747,Partial,183
677,677,230,101,Partial,129
678,678,485,485,Paid,0
679,679,515,515,Paid,0
680,680,899,899,Paid,0
681,681,460,290,Partial,170
682,682,102,7,Partial,95
683,683,652,652,Paid,0
684,684,601,601,Paid,0
685,685,67,67,Paid,0
686,686,471,274,Partial,197
687,687,620,620,Paid,0
688,688,641,641,Paid,0
689,689,669,669,Paid,0
690,690,837,837,Paid,0
691,691,717,717,Paid,0
692,692,250,0,Unpaid,250
693,693,85,85,Paid,0
694,694,355,355,Paid,0
695,695,487,487,Paid,0
696,696,699,0,Unpaid,699
697,697,158,158,Paid,0
698,698,379,379,Paid,0
699,699,833,833,Paid,0
700,700,333,0,Unpaid,333
701,701,613,440,Partial,173
702,702,175,175,Paid,0
703,703,846,846,Paid,0
704,704,716,716,Paid,0
705,705,569,394,Partial,175
706,706,59,0,Unpaid,59
707,707,661,423,Partial,238
708,708,170,0,Unpaid,170
709,709,792,346,Partial,446
710,710,762,762,Paid,0
711,711,640,640,Paid,0
712,712,494,494,Paid,0
713,713,262,262,Paid,0
714,714,225,225,Paid,0
715,715,403,0,Unpaid,403
716,716,979,979,Paid,0
717,717,714,714,Paid,0
718,718,79,79,Paid,0
719,719,225,225,Paid,0
720,720,675,675,Paid,0
721,721,309,309,Paid,0
722,722,250,144,Partial,106
723,723,683,0,Unpaid,683
724,724,535,535,Paid,0
725,725,860,860,Paid,0
726,726,169,31,Partial,138
727,727,166,166,Paid,0
728,728,81,81,Paid,0
729,729,418,418,Paid,0
730,730,665,665,Paid,0
731,731,605,605,Paid,0
732,732,940,940,Paid,0
733,733,980,980,Paid,0
734,734,925,925,Paid,0
735,735,316,316,Paid,0
736,736,745,745,Paid,0
737,737,624,624,Paid,0
738,738,360,360,Paid,0
739,739,535,535,Paid,0
740,740,288,288,Paid,0
741,741,193,193,Paid,0
742,742,509,509,Paid,0
743,743,460,127,Partial,333
744,744,667,667,Paid,0
745,745,865,349,Partial,516
746,746,347,347,Paid,0
747,747,827,827,Paid,0
748,748,660,660,Paid,0
749,749,879,879,Paid,0
750,750,810,810,Paid,0
751,751,162,162,Paid,0
752,752,737,737,Paid,0
753,753,892,658,Partial,234
754,754,103,103,Paid,0
755,755,629,629,Paid,0
756,756,481,481,Paid,0
757,757,930,930,Paid,0
758,758,718,718,Paid,0
759,759,292,292,Paid,0
760,760,322,322,Paid,0
761,761,549,549,Paid,0
762,762,372,0,Unpaid,372
763,763,615,615,Paid,0
764,764,158,158,Paid,0
765,765,585,585,Paid,0
766,766,804,804,Paid,0
767,767,834,834,Paid,0
768,768,576,576,Paid,0
769,769,282,282,Paid,0
770,770,528,528,Paid,0
771,771,311,311,Paid,0
772,772,717,717,Paid,0
773,773,548,548,Paid,0
774,774,707,527,Partial,180
775,775,104,104,Paid,0
776,776,550,550,Paid,0
777,777,651,0,Unpaid,651
778,778,545,545,Paid,0
779,779,153,153,Paid,0
780,780,809,809,Paid,0
781,781,250,250,Paid,0
782,782,848,848,Paid,0
783,783,139,139,Paid,0
784,784,123,123,Paid,0
785,785,875,875,Paid,0
786,786,149,149,Paid,0
787,787,299,299,Paid,0
788,788,826,826,Paid,0
789,789,950,950,Paid,0
790,790,364,364,Paid,0
791,791,503,503,Paid,0
792,792,793,793,Paid,0
793,793,714,714,Paid,0
794,794,739,739,Paid,0
795,795,183,183,Paid,0
796,796,423,423,Paid,0
797,797,517,517,Paid,0
798,798,844,844,Paid,0
799,799,734,734,Paid,0
800,800,730,730,Paid,0
801,801,715,715,Paid,0
802,802,153,153,Paid,0
803,803,624,0,Unpaid,624
804,804,228,228,Paid,0
805,805,485,485,Paid,0
806,806,614,614,Paid,0
807,807,948,948,Paid,0
808,808,184,184,Paid,0
809,809,859,859,Paid,0
810,810,766,766,Paid,0
811,811,988,782,Partial,206
812,812,369,369,Paid,0
813,813,405,405,Paid,0
814,814,557,557,Paid,0
815,815,473,473,Paid,0
816,816,726,571,Partial,155
817,817,462,462,Paid,0
818,818,865,865,Paid,0
819,819,624,624,Paid,0
820,820,265,265,Paid,0
821,821,346,0,Unpaid,346
822,822,995,995,Paid,0
823,823,522,522,Paid,0
824,824,958,958,Paid,0
825,825,355,355,Paid,0
826,826,407,407,Paid,0
827,827,916,916,Paid,0
828,828,569,569,Paid,0
829,829,875,875,Paid,0
830,830,247,0,Unpaid,247
831,831,371,95,Partial,276
832,832,957,957,Paid,0
833,833,533,533,Paid,0
834,834,179,179,Paid,0
835,835,565,565,Paid,0
836,836,563,563,Paid,0
837,837,733,635,Partial,98
838,838,614,614,Paid,0
839,839,481,481,Paid,0
840,840,649,649,Paid,0
841,841,223,223,Paid,0
842,842,482,482,Paid,0
843,843,228,228,Paid,0
844,844,840,840,Paid,0
845,845,568,335,Partial,233
846,846,413,413,Paid,0
847,847,153,0,Unpaid,153
848,848,440,37,Partial,403
849,849,746,84,Partial,662
850,850,106,106,Paid,0
851,851,561,561,Paid,0
852,852,212,0,Unpaid,212
853,853,418,418,Paid,0
854,854,271,271,Paid,0
855,855,820,820,Paid,0
856,856,65,65,Paid,0
857,857,524,524,Paid,0
858,858,243,243,Paid,0
859,859,483,483,Paid,0
860,860,435,435,Paid,0
861,861,309,309,Paid,0
862,862,976,976,Paid,0
863,863,862,862,Paid,0
864,864,362,362,Paid,0
865,865,534,406,Partial,128
866,866,838,838,Paid,0
867,867,698,698,Paid,0
868,868,782,605,Partial,177
869,869,553,553,Paid,0
870,870,133,133,Paid,0
871,871,710,710,Paid,0
872,872,730,730,Paid,0
873,873,66,66,Paid,0
874,874,991,0,Unpaid,991
875,875,533,533,Paid,0
876,876,216,216,Paid,0
877,877,656,0,Unpaid,656
878,878,719,719,Paid,0
879,879,835,835,Paid,0
880,880,684,684,Paid,0
881,881,164,0,Unpaid,164
882,882,860,148,Partial,712
883,883,964,964,Paid,0
884,884,970,970,Paid,0
885,885,803,803,Paid,0
886,886,584,584,Paid,0
887,887,249,249,Paid,0
888,888,499,499,Paid,0
889,889,927,927,Paid,0
890,890,691,691,Paid,0
891,891,115,115,Paid,0
892,892,768,768,Paid,0
893,893,216,0,Unpaid,216
894,894,975,975,Paid,0
895,895,87,18,Partial,69
896,896,717,717,Paid,0
897,897,507,507,Paid,0
898,898,105,105,Paid,0
899,899,728,525,Partial,203
900,900,449,449,Paid,0
901,901,482,482,Paid,0
902,902,951,803,Partial,148
903,903,216,216,Paid,0
904,904,287,287,Paid,0
905,905,522,32,Partial,490
906,906,418,418,Paid,0
907,907,563,563,Paid,0
908,908,572,572,Paid,0
909,909,192,192,Paid,0
910,910,262,179,Partial,83
911,911,940,940,Paid,0
912,912,347,347,Paid,0
913,913,955,521,Partial,434
914,914,693,693,Paid,0
915,915,972,328,Partial,644
916,916,363,363,Paid,0
917,917,965,965,Paid,0
918,918,114,0,Unpaid,114
919,919,829,829,Paid,0
920,920,179,179,Paid,0
921,921,642,642,Paid,0
922,922,530,530,Paid,0
923,923,222,222,Paid,0
924,924,577,577,Paid,0
925,925,272,272,Paid,0
926,926,644,318,Partial,326
927,927,649,649,Paid,0
928,928,676,0,Unpaid,676
929,929,935,0,Unpaid,935
930,930,71,71,Paid,0
931,931,892,892,Paid,0
932,932,551,551,Paid,0
933,933,604,604,Paid,0
934,934,726,726,Paid,0
935,935,800,800,Paid,0
936,936,915,915,Paid,0
937,937,364,154,Partial,210
938,938,736,736,Paid,0
939,939,315,0,Unpaid,315
940,940,769,769,Paid,0
941,941,707,0,Unpaid,707
942,942,273,273,Paid,0
943,943,168,168,Paid,0
944,944,349,349,Paid,0
945,945,235,235,Paid,0
946,946,216,216,Paid,0
947,947,232,8,Partial,224
948,948,343,343,Paid,0
949,949,313,313,Paid,0
950,950,704,704,Paid,0
951,951,105,105,Paid,0
952,952,858,858,Paid,0
953,953,391,11,Partial,380
954,954,666,666,Paid,0
955,955,978,978,Paid,0
956,956,76,76,Paid,0
957,957,158,158,Paid,0
958,958,870,870,Paid,0
959,959,154,154,Paid,0
960,960,154,154,Paid,0
961,961,74,74,Paid,0
962,962,787,787,Paid,0
963,963,730,730,Paid,0
964,964,588,0,Unpaid,588
965,965,291,291,Paid,0
966,966,151,151,Paid,0
967,967,656,551,Partial,105
968,968,750,750,Paid,0
969,969,314,37,Partial,277
970,970,452,452,Paid,0
971,971,288,288,Paid,0
972,972,861,861,Paid,0
973,973,573,0,Unpaid,573
974,974,389,389,Paid,0
975,975,63,63,Paid,0
976,976,936,936,Paid,0
977,977,623,474,Partial,149
978,978,955,955,Paid,0
979,979,537,0,Unpaid,537
980,980,968,968,Paid,0
981,981,281,0,Unpaid,281
982,982,207,207,Paid,0
983,983,846,391,Partial,455
984,984,336,0,Unpaid,336
985,985,964,964,Paid,0
986,986,888,888,Paid,0
987,987,856,856,Paid,0
988,988,816,816,Paid,0
989,989,600,0,Unpaid,600
990,990,241,241,Paid,0
991,991,175,108,Partial,67
992,992,307,307,Paid,0
993,993,856,856,Paid,0
994,994,857,857,Paid,0
995,995,478,478,Paid,0
996,996,835,147,Partial,688
997,997,490,0,Unpaid,490
998,998,468,118,Partial,350
999,999,476,50,Partial,426
1000,1000,317,317,Paid,0
